Argentina.jpg,228,42,267,80
Argentina.jpg,148,202,187,240
Argentina.jpg,328,28,378,78
Argentina.jpg,516,36,566,86
Argentina.jpg,28,45,78,95
Argentina.jpg,122,45,172,95
Argentina.jpg,422,45,472,95
Argentina.jpg,182,190,232,241
Argentina.jpg,396,190,446,241
Argentina.jpg,533,190,583,241
Argentina.jpg,36,199,86,249
Argentina.jpg,276,208,326,258
Argentina.jpg,310,388,360,438
Argentina.jpg,482,134,552,204
Argentina.jpg,482,338,552,408
Arsenal.jpg,535,1,570,36
Arsenal.jpg,362,28,400,67
Arsenal.jpg,122,35,160,74
Arsenal.jpg,442,55,480,94
Arsenal.jpg,308,242,347,280
Arsenal.jpg,168,248,207,287
Arsenal.jpg,255,302,294,340
Arsenal.jpg,430,10,481,61
Arsenal.jpg,302,28,352,78
Arsenal.jpg,550,36,600,86
Arsenal.jpg,62,45,112,95
Arsenal.jpg,173,45,223,95
Arsenal.jpg,396,45,446,95
Arsenal.jpg,268,53,318,103
Arsenal.jpg,45,88,95,138
Arsenal.jpg,345,139,395,189
Arsenal.jpg,448,156,498,206
Arsenal.jpg,525,156,575,206
Arsenal.jpg,233,165,283,215
Arsenal.jpg,156,173,206,223
Arsenal.jpg,559,182,609,232
Arsenal.jpg,508,319,558,369
Arsenal.jpg,482,50,552,120
Arsenal.jpg,302,278,372,348
Brazil.jpg,322,35,360,74
Brazil.jpg,435,42,474,80
Brazil.jpg,115,315,154,354
Brazil.jpg,415,315,454,354
Brazil.jpg,199,36,249,86
Brazil.jpg,10,53,61,103
Brazil.jpg,525,53,575,103
Brazil.jpg,336,96,386,146
Brazil.jpg,79,156,129,206
Brazil.jpg,199,182,249,232
Brazil.jpg,482,345,532,395
Brazil.jpg,434,86,504,156
Brazil.jpg,458,170,528,240
Colombia.jpg,255,42,294,80
Colombia.jpg,148,55,187,94
Colombia.jpg,495,62,534,100
Colombia.jpg,108,215,147,254
Colombia.jpg,155,288,194,327
Colombia.jpg,308,288,347,327
Colombia.jpg,475,315,514,354
Colombia.jpg,455,342,494,380
Colombia.jpg,370,45,420,95
Colombia.jpg,319,165,369,215
Colombia.jpg,216,199,266,249
Colombia.jpg,439,208,489,258
Colombia.jpg,542,208,592,258
Colombia.jpg,328,328,378,378
Colombia.jpg,26,194,96,264
Ecuador.jpg,275,68,314,107
Ecuador.jpg,368,68,407,107
Ecuador.jpg,168,75,207,114
Ecuador.jpg,448,75,487,114
Ecuador.jpg,2,175,40,214
Ecuador.jpg,102,202,140,240
Ecuador.jpg,322,208,360,247
Ecuador.jpg,202,215,240,254
Ecuador.jpg,268,302,307,340
Ecuador.jpg,525,79,575,129
Ecuador.jpg,448,199,498,249
Ecuador.jpg,508,225,558,275
Ecuador.jpg,422,233,472,283
Ecuador.jpg,542,259,592,309
Ecuador.jpg,362,302,412,352
Ecuador.jpg,79,353,129,403
Ecuador.jpg,430,379,481,429
Ecuador.jpg,50,146,120,216
England.jpg,222,348,260,387
England.jpg,342,368,380,407
England.jpg,568,28,618,78
England.jpg,413,36,463,86
England.jpg,302,45,352,95
England.jpg,105,62,155,112
England.jpg,199,62,249,112
England.jpg,96,199,146,249
England.jpg,19,216,69,266
England.jpg,139,233,189,283
England.jpg,251,233,300,283
England.jpg,533,233,583,283
England.jpg,508,293,558,343
England.jpg,70,328,121,378
England.jpg,190,336,241,386
England.jpg,310,345,360,395
England.jpg,473,353,523,403
England.jpg,518,50,588,120
England.jpg,326,86,396,156
England.jpg,386,230,456,300
England.jpg,134,254,204,324
England.jpg,50,278,120,348
Germany.jpg,355,62,394,100
Germany.jpg,568,75,607,114
Germany.jpg,355,88,394,127
Germany.jpg,122,102,160,140
Germany.jpg,575,102,614,140
Germany.jpg,582,262,620,300
Germany.jpg,442,268,480,307
Germany.jpg,255,302,294,340
Germany.jpg,495,362,534,400
Germany.jpg,113,70,163,121
Germany.jpg,19,225,69,275
Germany.jpg,148,225,198,275
Germany.jpg,293,225,343,275
Germany.jpg,439,233,489,283
Germany.jpg,388,302,438,352
Germany.jpg,516,345,566,395
Germany.jpg,506,14,576,84
Germany.jpg,2,38,72,108
Germany.jpg,218,38,288,108
Germany.jpg,446,62,516,132
Germany.jpg,26,110,96,180
Germany.jpg,386,362,456,432
USA.jpg,462,68,500,107
USA.jpg,548,68,587,107
USA.jpg,155,82,194,120
USA.jpg,255,228,294,267
USA.jpg,135,242,174,280
USA.jpg,28,248,67,287
USA.jpg,70,122,121,172
USA.jpg,319,148,369,198
USA.jpg,310,208,360,258
USA.jpg,388,225,438,275
USA.jpg,499,225,549,275
USA.jpg,276,259,326,309
USA.jpg,525,259,575,309
USA.jpg,208,285,258,335
USA.jpg,518,122,588,192
USA.jpg,338,278,408,348
USA.jpg,182,350,252,420
addams-family.jpg,148,370,198,420
addams-family.jpg,79,508,129,558
addams-family.jpg,710,86,780,156
addams-family.jpg,422,134,492,204
addams-family.jpg,710,134,780,204
addams-family.jpg,314,170,384,240
addams-family.jpg,650,386,720,456
addams-family.jpg,134,398,204,468
addams-family.jpg,734,542,804,612
aeon1a.jpg,35,208,74,247
aeon1a.jpg,82,288,120,327
aeon1a.jpg,108,295,147,334
aeon1a.jpg,199,156,249,206
aeon1a.jpg,122,328,172,378
aeon1a.jpg,242,98,312,168
aeon1a.jpg,350,194,420,264
aeon1a.jpg,194,230,264,300
aeon1a.jpg,278,242,348,312
aeon1a.jpg,130,10,480,360
aerosmith-double.jpg,268,173,318,223
aerosmith-double.jpg,165,208,215,258
aerosmith-double.jpg,86,2,156,72
aerosmith-double.jpg,206,26,276,96
aerosmith-double.jpg,146,86,216,156
aerosmith-double.jpg,254,98,324,168
aerosmith-double.jpg,74,110,144,180
albert.jpg,53,19,103,69
audrey1.jpg,37,115,72,150
audrey1.jpg,70,122,121,172
audrey1.jpg,130,122,180,172
audrey1.jpg,88,148,138,198
audrey1.jpg,233,156,283,206
audrey1.jpg,144,244,260,360
audrey2.jpg,121,313,156,348
audrey2.jpg,2,195,40,234
audrey2.jpg,70,208,121,258
audrey2.jpg,19,251,69,300
audrey2.jpg,62,170,132,240
audrey2.jpg,134,170,204,240
audrybt1.jpg,128,8,167,47
audrybt1.jpg,108,208,147,247
audrybt1.jpg,162,222,200,260
audrybt1.jpg,108,248,147,287
audrybt1.jpg,130,36,180,86
audrybt1.jpg,38,98,108,168
baseball.jpg,188,95,227,134
baseball.jpg,55,102,94,140
baseball.jpg,74,26,144,96
bksomels.jpg,308,268,347,307
bksomels.jpg,2,254,72,324
bksomels.jpg,134,254,204,324
bksomels.jpg,144,84,260,200
blues-double.jpg,25,19,60,54
blues-double.jpg,181,19,216,54
blues-double.jpg,301,187,336,222
blues-double.jpg,75,168,114,207
blues-double.jpg,259,45,309,95
blues-double.jpg,122,173,172,223
blues-double.jpg,28,182,78,232
blues-double.jpg,338,14,408,84
blues-double.jpg,158,62,228,132
blues-double.jpg,338,158,408,228
blues-double.jpg,124,144,240,260
board.jpg,370,182,420,232
board.jpg,370,310,420,360
board.jpg,314,26,384,96
board.jpg,290,170,360,240
board.jpg,206,242,276,312
board.jpg,290,242,360,312
board.jpg,362,242,432,312
board.jpg,290,302,360,372
board.jpg,218,314,288,384
board.jpg,164,124,280,240
boat.jpg,319,265,354,300
boat.jpg,602,255,640,294
boat.jpg,475,268,514,307
boat.jpg,315,342,354,380
boat.jpg,515,375,554,414
boat.jpg,555,422,594,460
boat.jpg,575,462,614,500
boat.jpg,319,216,369,266
boat.jpg,482,216,532,266
boat.jpg,405,285,455,335
boat.jpg,290,278,360,348
book.jpg,97,667,132,702
book.jpg,215,108,254,147
book.jpg,82,375,120,414
book.jpg,215,435,254,474
book.jpg,156,362,206,412
book.jpg,216,739,266,789
brian.jpg,19,37,54,72
brian.jpg,45,28,95,78
bttf206.jpg,427,397,462,432
bttf206.jpg,455,122,494,160
bttf206.jpg,348,335,387,374
bttf206.jpg,206,122,276,192
bttf206.jpg,446,182,516,252
bttf206.jpg,204,204,320,320
bttf206.jpg,64,264,180,380
bttf301.jpg,355,115,390,150
bttf301.jpg,75,2,114,40
bttf301.jpg,402,215,440,254
bttf301.jpg,328,45,378,95
bttf301.jpg,456,70,506,121
bttf301.jpg,216,105,266,155
bttf301.jpg,50,26,120,96
bttf301.jpg,122,86,192,156
bttf301.jpg,494,110,564,180
bttf301.jpg,434,122,504,192
bwolen.jpg,2,19,52,69
cards-perp-sml.jpg,175,67,210,102
cards-perp-sml.jpg,151,145,186,180
cards-perp-sml.jpg,62,62,100,100
cards-perp-sml.jpg,95,75,134,114
cards-perp-sml.jpg,182,135,220,174
cards-perp-sml.jpg,62,148,100,187
cards-perp-sml.jpg,55,248,94,287
cards-perp-sml.jpg,135,255,174,294
cfb.jpg,24,24,140,140
churchill-downs.jpg,508,268,558,318
clapton.jpg,164,84,280,200
clapton.jpg,204,364,320,480
class57.jpg,37,205,72,240
class57.jpg,1135,235,1170,270
class57.jpg,943,241,978,276
class57.jpg,1039,241,1074,276
class57.jpg,205,331,240,366
class57.jpg,529,349,564,384
class57.jpg,115,391,150,426
class57.jpg,967,409,1002,444
class57.jpg,895,433,930,468
class57.jpg,193,445,228,480
class57.jpg,1015,475,1050,510
class57.jpg,433,493,468,528
class57.jpg,523,493,558,528
class57.jpg,715,493,750,528
class57.jpg,679,535,714,570
class57.jpg,175,559,210,594
class57.jpg,715,559,750,594
class57.jpg,1195,625,1230,660
class57.jpg,721,655,756,690
class57.jpg,853,703,888,738
class57.jpg,127,811,162,846
class57.jpg,109,883,144,918
class57.jpg,922,35,960,74
class57.jpg,682,88,720,127
class57.jpg,475,162,514,200
class57.jpg,342,182,380,220
class57.jpg,195,188,234,227
class57.jpg,995,188,1034,227
class57.jpg,1042,208,1080,247
class57.jpg,268,215,307,254
class57.jpg,942,215,980,254
class57.jpg,148,228,187,267
class57.jpg,628,228,667,267
class57.jpg,728,242,767,280
class57.jpg,475,248,514,287
class57.jpg,575,255,614,294
class57.jpg,822,255,860,294
class57.jpg,648,275,687,314
class57.jpg,795,275,834,314
class57.jpg,1108,275,1147,314
class57.jpg,448,288,487,327
class57.jpg,342,295,380,334
class57.jpg,162,302,200,340
class57.jpg,282,302,320,340
class57.jpg,948,308,987,347
class57.jpg,642,315,680,354
class57.jpg,1055,322,1094,360
class57.jpg,1088,362,1127,400
class57.jpg,75,382,114,420
class57.jpg,415,395,454,434
class57.jpg,562,435,600,474
class57.jpg,1115,448,1154,487
class57.jpg,55,475,94,514
class57.jpg,742,475,780,514
class57.jpg,922,495,960,534
class57.jpg,628,515,667,554
class57.jpg,768,522,807,560
class57.jpg,815,542,854,580
class57.jpg,675,568,714,607
class57.jpg,702,582,740,620
class57.jpg,1215,588,1254,627
class57.jpg,215,595,254,634
class57.jpg,528,735,567,774
class57.jpg,82,848,120,887
class57.jpg,850,139,901,189
class57.jpg,902,148,952,198
class57.jpg,585,165,635,215
class57.jpg,696,165,746,215
class57.jpg,816,182,866,232
class57.jpg,868,182,918,232
class57.jpg,525,208,575,258
class57.jpg,370,225,420,275
class57.jpg,190,259,241,309
class57.jpg,971,259,1021,309
class57.jpg,705,302,755,352
class57.jpg,1176,336,1226,386
class57.jpg,413,345,463,395
class57.jpg,482,345,532,395
class57.jpg,833,345,883,395
class57.jpg,105,353,155,403
class57.jpg,242,353,292,403
class57.jpg,345,362,395,412
class57.jpg,670,379,720,429
class57.jpg,790,379,840,429
class57.jpg,302,388,352,438
class57.jpg,602,405,652,455
class57.jpg,216,413,266,463
class57.jpg,670,413,720,463
class57.jpg,842,413,892,463
class57.jpg,1159,413,1209,463
class57.jpg,739,422,789,472
class57.jpg,1005,422,1055,472
class57.jpg,336,430,386,481
class57.jpg,1048,439,1098,489
class57.jpg,568,491,618,540
class57.jpg,962,491,1012,540
class57.jpg,96,499,146,549
class57.jpg,808,499,858,549
class57.jpg,705,508,755,558
class57.jpg,1125,508,1175,558
class57.jpg,868,516,918,566
class57.jpg,628,550,678,600
class57.jpg,610,636,660,686
class57.jpg,1030,653,1080,703
class57.jpg,790,782,840,832
class57.jpg,70,790,121,840
class57.jpg,866,242,936,312
class57.jpg,566,314,636,384
class57.jpg,782,410,852,480
class57.jpg,470,470,540,540
class57.jpg,278,482,348,552
class57.jpg,650,482,720,552
class57.jpg,902,530,972,600
class57.jpg,998,554,1068,624
class57.jpg,224,284,340,400
class57.jpg,1064,344,1180,460
cnn1085.jpg,84,44,200,160
cnn1160.jpg,61,43,96,78
cnn1160.jpg,42,68,80,107
cnn1260.jpg,42,8,80,47
cnn1260.jpg,84,44,200,160
cnn1630.jpg,205,121,240,156
cnn1630.jpg,142,62,180,100
cnn1630.jpg,122,135,160,174
cnn1630.jpg,75,175,114,214
cnn1630.jpg,255,188,294,227
cnn1630.jpg,38,98,108,168
cnn1714.jpg,182,88,232,138
cnn1714.jpg,26,14,96,84
cnn1714.jpg,84,64,200,180
cnn2020.jpg,195,188,234,227
cnn2020.jpg,156,62,206,112
cnn2020.jpg,86,50,156,120
cnn2221.jpg,110,50,180,120
cnn2600.jpg,82,122,120,160
cnn2600.jpg,104,44,220,160
cpd.jpg,362,15,400,54
cpd.jpg,375,62,414,100
cpd.jpg,88,142,127,180
cpd.jpg,362,142,400,180
cpd.jpg,228,155,267,194
cpd.jpg,368,162,407,200
cpd.jpg,322,255,360,294
cpd.jpg,382,255,420,294
cpd.jpg,45,2,95,52
cpd.jpg,216,122,266,172
cpd.jpg,302,74,372,144
cpd.jpg,124,104,240,220
crimson.jpg,187,271,222,306
crimson.jpg,148,275,187,314
crimson.jpg,48,682,87,720
crimson.jpg,68,795,107,834
crimson.jpg,2,19,52,69
crimson.jpg,268,165,318,215
crimson.jpg,465,242,515,292
crimson.jpg,413,259,463,309
crimson.jpg,28,370,78,420
crimson.jpg,134,722,204,792
crimson.jpg,482,722,552,792
crimson.jpg,130,310,480,660
divinci-man1.jpg,283,541,318,576
divinci-man1.jpg,302,408,340,447
divinci-man1.jpg,248,448,287,487
divinci-man1.jpg,315,528,354,567
divinci-man1.jpg,302,735,340,774
divinci-man1.jpg,276,182,326,232
ds9.jpg,465,105,515,155
ds9.jpg,559,122,609,172
ds9.jpg,86,14,156,84
ds9.jpg,194,26,264,96
ds9.jpg,278,50,348,120
ds9.jpg,134,86,204,156
ds9.jpg,26,110,96,180
er.jpg,25,229,60,264
er.jpg,139,259,174,294
er.jpg,37,319,72,354
er.jpg,235,379,270,414
er.jpg,61,421,96,456
er.jpg,335,35,374,74
er.jpg,55,68,94,107
er.jpg,402,88,440,127
er.jpg,68,128,107,167
er.jpg,388,222,427,260
er.jpg,382,435,420,474
er.jpg,113,45,163,95
er.jpg,2,88,52,138
er.jpg,379,122,429,172
er.jpg,430,216,481,266
er.jpg,251,225,300,275
er.jpg,218,278,288,348
er.jpg,326,302,396,372
eugene.jpg,22,215,60,254
eugene.jpg,104,164,220,280
ew-courtney-david.jpg,31,37,66,72
ew-courtney-david.jpg,55,157,90,192
ew-courtney-david.jpg,271,229,306,264
ew-courtney-david.jpg,135,128,174,167
ew-courtney-david.jpg,162,168,200,207
ew-courtney-david.jpg,28,275,67,314
ew-courtney-david.jpg,96,139,146,189
ew-courtney-david.jpg,113,285,163,335
ew-courtney-david.jpg,74,50,144,120
ew-courtney-david.jpg,122,50,192,120
ew-courtney-david.jpg,38,170,108,240
ew-courtney-david.jpg,98,182,168,252
ew-friends.jpg,193,61,228,96
ew-friends.jpg,121,115,156,150
ew-friends.jpg,157,151,192,186
ew-friends.jpg,148,48,187,87
ew-friends.jpg,115,62,154,100
ew-friends.jpg,235,75,274,114
ew-friends.jpg,88,88,127,127
ew-friends.jpg,202,115,240,154
ew-friends.jpg,155,122,194,160
ew-friends.jpg,82,202,120,240
ew-friends.jpg,155,282,194,320
ew-friends.jpg,122,182,172,232
ew-friends.jpg,182,170,252,240
fleetwood-mac.jpg,215,148,254,187
fleetwood-mac.jpg,386,230,456,300
fleetwood-mac.jpg,326,302,396,372
frisbee.jpg,241,1,276,36
frisbee.jpg,277,1,312,36
frisbee.jpg,145,73,180,108
frisbee.jpg,151,133,186,168
frisbee.jpg,28,8,67,47
frisbee.jpg,48,62,87,100
frisbee.jpg,130,19,180,69
frisbee.jpg,88,79,138,129
frisbee.jpg,173,79,223,129
frisbee.jpg,216,88,266,138
giant-panda.jpg,337,295,372,330
giant-panda.jpg,276,19,326,69
giant-panda.jpg,144,24,260,140
gigi.jpg,157,97,192,132
gigi.jpg,175,22,214,60
gigi.jpg,2,350,72,420
gigi.jpg,84,64,200,180
gpripe.jpg,19,103,54,138
gpripe.jpg,2,19,52,69
gpripe.jpg,50,26,120,96
harvard.jpg,205,301,240,336
harvard.jpg,193,319,228,354
harvard.jpg,223,319,258,354
harvard.jpg,169,451,204,486
harvard.jpg,155,148,194,187
harvard.jpg,98,230,168,300
hendrix1-bigger.jpg,637,85,672,120
hendrix1-bigger.jpg,379,337,414,372
hendrix1-bigger.jpg,697,361,732,396
hendrix1-bigger.jpg,375,68,414,107
hendrix1-bigger.jpg,355,148,394,187
hendrix1-bigger.jpg,122,355,160,394
hendrix1-bigger.jpg,162,362,200,400
hendrix1-bigger.jpg,575,362,614,400
hendrix1-bigger.jpg,475,368,514,407
hendrix1-bigger.jpg,288,388,327,427
hendrix1-bigger.jpg,642,602,680,640
hendrix1-bigger.jpg,448,608,487,647
hendrix1-bigger.jpg,162,615,200,654
hendrix1-bigger.jpg,375,615,414,654
hendrix1-bigger.jpg,702,615,740,654
hendrix1-bigger.jpg,575,622,614,660
hendrix1-bigger.jpg,48,628,87,667
hendrix1-bigger.jpg,362,708,400,747
hendrix1-bigger.jpg,242,755,280,794
hendrix1-bigger.jpg,319,96,369,146
hendrix1-bigger.jpg,576,96,626,146
hendrix1-bigger.jpg,439,345,489,395
hendrix1-bigger.jpg,53,353,103,403
hendrix1-bigger.jpg,319,362,369,412
hendrix1-bigger.jpg,113,610,163,660
hendrix1-bigger.jpg,208,619,258,669
hendrix1-bigger.jpg,276,636,326,686
hendrix1-bigger.jpg,465,636,515,686
hendrix1-bigger.jpg,36,748,86,798
hendrix1-bigger.jpg,110,50,180,120
hendrix1-bigger.jpg,194,50,264,120
hendrix1-bigger.jpg,434,62,504,132
hendrix1-bigger.jpg,686,62,756,132
hendrix1-bigger.jpg,626,326,696,396
hendrix1-bigger.jpg,722,386,792,456
hendrix1-bigger.jpg,544,304,660,420
hendrix1-bigger.jpg,544,564,660,680
hendrix1-bigger.jpg,304,584,420,700
hendrix2.jpg,26,38,96,108
hendrix2.jpg,26,98,96,168
henry.jpg,548,55,587,94
henry.jpg,482,362,532,412
henry.jpg,444,204,560,320
henry.jpg,344,344,460,460
henry.jpg,70,10,420,360
herbie-hancock.jpg,319,307,354,342
herbie-hancock.jpg,275,388,314,427
herbie-hancock.jpg,595,482,634,520
herbie-hancock.jpg,175,588,214,627
herbie-hancock.jpg,542,588,580,627
herbie-hancock.jpg,319,70,369,121
herbie-hancock.jpg,216,345,266,395
herbie-hancock.jpg,388,593,438,643
herbie-hancock.jpg,224,44,340,160
jackson.jpg,187,283,222,318
jackson.jpg,302,15,340,54
jackson.jpg,328,22,367,60
jackson.jpg,522,175,560,214
jackson.jpg,262,235,300,274
jackson.jpg,528,235,567,274
jackson.jpg,128,262,167,300
jackson.jpg,335,262,374,300
jackson.jpg,148,322,187,360
jackson.jpg,593,28,643,78
jackson.jpg,456,36,506,86
jackson.jpg,10,70,61,121
jackson.jpg,302,422,352,472
jackson.jpg,242,2,312,72
jackson.jpg,398,38,468,108
jackson.jpg,338,74,408,144
jackson.jpg,386,134,456,204
jackson.jpg,2,242,72,312
jackson.jpg,98,266,168,336
jackson.jpg,554,290,624,360
jackson.jpg,204,144,320,260
jackson.jpg,424,184,540,300
jackson.jpg,524,304,640,420
jackson.jpg,124,324,240,440
john.coltrane.jpg,146,146,216,216
john.coltrane.jpg,84,124,200,240
judybats.jpg,607,73,642,108
judybats.jpg,661,109,696,144
judybats.jpg,655,8,694,47
judybats.jpg,195,15,234,54
judybats.jpg,628,62,678,112
judybats.jpg,362,396,412,446
judybats.jpg,122,218,192,288
judybats.jpg,302,278,372,348
judybats.jpg,614,422,684,492
judybats.jpg,338,470,408,540
judybats.jpg,344,44,460,160
judybats.jpg,184,224,300,340
judybats.jpg,404,304,520,420
judybats.jpg,4,364,120,480
kaari-stef.jpg,68,42,107,80
kaari-stef.jpg,88,55,127,94
kaari-stef.jpg,308,182,347,220
kaari-stef.jpg,105,88,155,138
kaari-stef.jpg,96,130,146,180
kaari-stef.jpg,264,64,380,180
kaari1.jpg,75,162,114,200
kaari1.jpg,188,188,227,227
kaari1.jpg,36,225,86,275
kaari1.jpg,62,254,132,324
kaari1.jpg,110,314,180,384
kaari1.jpg,64,104,180,220
kaari2.jpg,162,122,200,160
kaari2.jpg,142,142,180,180
kaari2.jpg,28,319,78,369
kaari2.jpg,84,24,200,140
karen-and-rob.jpg,217,415,252,450
karen-and-rob.jpg,228,108,267,147
karen-and-rob.jpg,15,195,54,234
karen-and-rob.jpg,142,275,180,314
karen-and-rob.jpg,190,36,241,86
karen-and-rob.jpg,88,199,138,249
karen-and-rob.jpg,165,199,215,249
knex0.jpg,115,13,150,48
knex0.jpg,247,13,282,48
knex0.jpg,235,55,270,90
knex0.jpg,49,79,84,114
knex0.jpg,162,68,200,107
knex0.jpg,2,122,40,160
knex0.jpg,50,98,120,168
knex20.jpg,168,122,207,160
knex20.jpg,146,2,216,72
knex37.jpg,199,105,249,155
knex37.jpg,158,50,228,120
knex37.jpg,98,110,168,180
knex42.jpg,42,2,80,40
knex42.jpg,82,88,120,127
knex42.jpg,26,14,96,84
knex42.jpg,74,14,144,84
kymberly.jpg,2,48,40,87
kymberly.jpg,26,14,96,84
lacrosse.jpg,79,28,129,78
lacrosse.jpg,2,2,72,72
larroquette.jpg,217,91,252,126
larroquette.jpg,373,109,408,144
larroquette.jpg,175,127,210,162
larroquette.jpg,259,139,294,174
larroquette.jpg,229,145,264,180
larroquette.jpg,307,181,342,216
larroquette.jpg,97,217,132,252
larroquette.jpg,169,277,204,312
larroquette.jpg,181,385,216,420
larroquette.jpg,108,95,147,134
larroquette.jpg,68,108,107,147
larroquette.jpg,128,148,167,187
larroquette.jpg,328,148,367,187
larroquette.jpg,235,282,274,320
larroquette.jpg,42,422,80,460
larroquette.jpg,96,2,146,52
larroquette.jpg,242,2,292,52
larroquette.jpg,139,208,189,258
larroquette.jpg,319,242,369,292
larroquette.jpg,310,268,360,318
larroquette.jpg,79,310,129,360
larroquette.jpg,276,353,326,403
larroquette.jpg,86,230,156,300
larroquette.jpg,398,314,468,384
larroquette.jpg,64,304,180,420
lawoman.jpg,61,91,96,126
lawoman.jpg,187,175,222,210
lawoman.jpg,163,283,198,318
lawoman.jpg,35,8,74,47
lawoman.jpg,115,8,154,47
lawoman.jpg,108,182,147,220
lawoman.jpg,155,188,194,227
lawoman.jpg,242,202,280,240
lawoman.jpg,70,2,121,52
lawoman.jpg,190,2,241,52
lawoman.jpg,268,62,318,112
lawoman.jpg,98,110,168,180
lawoman.jpg,158,110,228,180
lawoman.jpg,230,134,300,204
life-cover.jpg,739,577,774,612
life-cover.jpg,163,625,198,660
life-cover.jpg,757,637,792,672
life-cover.jpg,295,691,330,726
life-cover.jpg,697,691,732,726
life-cover.jpg,768,88,807,127
life-cover.jpg,75,488,114,527
life-cover.jpg,175,582,214,620
life-cover.jpg,268,276,318,326
life-cover.jpg,259,319,309,369
life-cover.jpg,593,576,643,626
life-cover.jpg,338,362,408,432
life-cover.jpg,290,386,360,456
life-cover.jpg,26,590,96,660
life-cover.jpg,604,84,720,200
life-cover.jpg,264,284,380,400
life-cover.jpg,224,744,340,860
life-dreams.jpg,48,242,87,280
life-dreams.jpg,664,264,780,380
life-dreams.jpg,4,364,120,480
life2100.jpg,139,181,174,216
life2100.jpg,103,193,138,228
life2100.jpg,48,142,87,180
life2100.jpg,10,19,61,69
life7422.jpg,13,163,48,198
madaboutyou.jpg,43,121,78,156
madaboutyou.jpg,307,289,342,324
madaboutyou.jpg,28,2,78,52
madaboutyou.jpg,194,266,264,336
madaboutyou.jpg,374,266,444,336
madaboutyou.jpg,278,374,348,444
madaboutyou.jpg,204,104,320,220
married.jpg,168,68,207,107
married.jpg,255,108,294,147
married.jpg,8,122,47,160
married.jpg,262,135,300,174
married.jpg,42,155,80,194
married.jpg,165,36,215,86
married.jpg,285,53,335,103
married.jpg,208,70,258,121
married.jpg,28,88,78,138
married.jpg,98,74,168,144
me.jpg,135,28,174,67
me.jpg,74,38,144,108
me.jpg,134,98,204,168
mickymouse-self-p.jpg,481,139,516,174
mickymouse-self-p.jpg,235,253,270,288
mickymouse-self-p.jpg,215,48,254,87
mickymouse-self-p.jpg,455,62,494,100
mickymouse-self-p.jpg,395,415,434,454
mickymouse-self-p.jpg,528,415,567,454
mickymouse-self-p.jpg,482,422,520,460
mickymouse-self-p.jpg,495,522,534,560
mickymouse-self-p.jpg,228,582,267,620
mickymouse-self-p.jpg,275,642,314,680
mickymouse-self-p.jpg,108,962,147,1000
mickymouse-self-p.jpg,315,995,354,1034
mickymouse-self-p.jpg,195,1008,234,1047
mickymouse-self-p.jpg,68,1015,107,1054
mickymouse-self-p.jpg,135,1028,174,1067
mickymouse-self-p.jpg,508,45,558,95
mickymouse-self-p.jpg,173,62,223,112
mickymouse-self-p.jpg,19,173,69,223
mickymouse-self-p.jpg,413,251,463,300
mickymouse-self-p.jpg,448,353,498,403
mickymouse-self-p.jpg,268,430,318,481
mickymouse-self-p.jpg,533,508,583,558
mickymouse-self-p.jpg,448,722,498,772
mickymouse-self-p.jpg,336,816,386,866
mickymouse-self-p.jpg,156,953,206,1003
mickymouse-self-p.jpg,268,996,318,1046
mickymouse-self-p.jpg,422,194,492,264
mickymouse-self-p.jpg,590,302,660,372
mickymouse-self-p.jpg,518,314,588,384
mickymouse-self-p.jpg,362,542,432,612
mickymouse-self-p.jpg,26,698,96,768
mickymouse-self-p.jpg,544,344,660,460
mickymouse-self-p.jpg,184,464,300,580
mickymouse-self-p.jpg,404,584,520,700
mickymouse-self-p.jpg,624,824,740,940
mom-baby.jpg,82,142,120,180
mom-baby.jpg,182,202,220,240
mom-baby.jpg,208,242,247,280
mom-baby.jpg,113,268,163,318
mom-baby.jpg,50,218,120,288
mom-baby.jpg,146,230,216,300
mom-baby.jpg,24,24,140,140
mom-baby.jpg,104,124,220,240
mona-lisa.jpg,293,105,343,155
mona-lisa.jpg,96,328,146,378
mona-lisa.jpg,110,614,180,684
mona-lisa.jpg,184,144,300,260
mona-lisa.jpg,204,304,320,420
music-groups-double.jpg,175,199,210,234
music-groups-double.jpg,49,235,84,270
music-groups-double.jpg,582,42,620,80
music-groups-double.jpg,475,248,514,287
music-groups-double.jpg,19,130,69,180
music-groups-double.jpg,122,62,192,132
music-groups-double.jpg,230,62,300,132
music-groups-double.jpg,62,98,132,168
music-groups-double.jpg,458,194,528,264
music-groups-double.jpg,314,230,384,300
music-groups-double.jpg,554,230,624,300
music-groups-double.jpg,422,302,492,372
natalie1.jpg,475,265,510,300
natalie1.jpg,495,482,534,520
natalie1.jpg,156,456,206,506
natalie1.jpg,173,499,223,549
natalie1.jpg,206,410,276,480
natalie1.jpg,266,410,336,480
natalie1.jpg,338,446,408,516
natalie1.jpg,170,518,240,588
natalie1.jpg,242,518,312,588
natalie1.jpg,130,130,480,480
nens.jpg,163,91,198,126
nens.jpg,55,97,90,132
nens.jpg,142,8,180,47
nens.jpg,195,15,234,54
nens.jpg,88,22,127,60
nens.jpg,42,28,80,67
nens.jpg,8,82,47,120
nens.jpg,108,102,147,140
nens.jpg,28,155,67,194
nens.jpg,182,155,220,194
nens.jpg,135,162,174,200
nens.jpg,115,215,154,254
nens.jpg,79,156,129,206
newsradio.jpg,217,421,252,456
newsradio.jpg,448,108,487,147
newsradio.jpg,362,168,400,207
newsradio.jpg,2,195,40,234
newsradio.jpg,188,235,227,274
newsradio.jpg,195,255,234,294
newsradio.jpg,275,302,314,340
newsradio.jpg,168,308,207,347
newsradio.jpg,235,382,274,420
newsradio.jpg,79,2,129,52
newsradio.jpg,285,182,335,232
newsradio.jpg,422,182,472,232
newsradio.jpg,28,225,78,275
newsradio.jpg,310,259,360,309
newsradio.jpg,218,74,288,144
newsradio.jpg,50,110,120,180
newsradio.jpg,302,110,372,180
newsradio.jpg,122,158,192,228
newsradio.jpg,206,170,276,240
newsradio.jpg,374,194,444,264
newsradio.jpg,86,254,156,324
newsradio.jpg,362,386,432,456
newsradio.jpg,64,304,180,420
next.jpg,128,22,167,60
next.jpg,208,42,247,80
next.jpg,235,62,274,100
next.jpg,175,128,214,167
next.jpg,268,135,307,174
next.jpg,82,148,120,187
next.jpg,88,188,127,227
next.jpg,22,202,60,240
next.jpg,375,215,414,254
next.jpg,53,2,103,52
oksana1.jpg,79,175,114,210
oksana1.jpg,103,181,138,216
oksana1.jpg,127,199,162,234
oksana1.jpg,195,55,234,94
oksana1.jpg,102,62,140,100
oksana1.jpg,155,68,194,107
oksana1.jpg,108,382,147,420
original1.jpg,115,43,150,78
original1.jpg,367,175,402,210
original1.jpg,368,22,407,60
original1.jpg,22,35,60,74
original1.jpg,308,48,347,87
original1.jpg,82,95,120,134
original1.jpg,195,102,234,140
original1.jpg,148,53,198,103
original1.jpg,310,70,360,121
original1.jpg,139,130,189,180
original1.jpg,290,134,360,204
original2.jpg,208,615,247,654
original2.jpg,533,53,583,103
original2.jpg,244,4,360,120
original2.jpg,444,84,560,200
original2.jpg,244,144,360,260
original2.jpg,524,184,640,300
original2.jpg,324,224,440,340
original2.jpg,184,304,300,420
original2.jpg,24,324,140,440
original2.jpg,424,344,540,460
original2.jpg,424,444,540,560
our-cards.jpg,511,43,546,78
our-cards.jpg,145,139,180,174
our-cards.jpg,97,151,132,186
our-cards.jpg,259,223,294,258
our-cards.jpg,97,499,132,534
our-cards.jpg,127,499,162,534
our-cards.jpg,559,499,594,534
our-cards.jpg,49,535,84,570
our-cards.jpg,79,535,114,570
our-cards.jpg,199,643,234,678
our-cards.jpg,602,15,640,54
our-cards.jpg,88,68,127,107
our-cards.jpg,228,68,267,107
our-cards.jpg,448,82,487,120
our-cards.jpg,495,88,534,127
our-cards.jpg,55,168,94,207
our-cards.jpg,288,248,327,287
our-cards.jpg,68,268,107,307
our-cards.jpg,588,495,627,534
our-cards.jpg,142,528,180,567
our-cards.jpg,48,602,87,640
our-cards.jpg,288,842,327,880
our-cards.jpg,322,842,360,880
our-cards.jpg,348,875,387,914
our-cards.jpg,642,975,680,1014
our-cards.jpg,542,36,592,86
our-cards.jpg,259,62,309,112
our-cards.jpg,593,199,643,249
our-cards.jpg,105,233,155,283
our-cards.jpg,636,233,686,283
our-cards.jpg,533,242,583,292
our-cards.jpg,362,251,412,300
our-cards.jpg,10,353,61,403
our-cards.jpg,456,739,506,789
our-cards.jpg,36,790,86,840
our-cards.jpg,499,808,549,858
our-cards.jpg,148,859,198,909
our-cards.jpg,70,953,121,1003
our-cards.jpg,139,962,189,1012
our-cards.jpg,602,988,652,1038
our-cards.jpg,14,398,84,468
our-cards.jpg,590,722,660,792
our-cards.jpg,542,758,612,828
our-cards.jpg,98,770,168,840
our-cards.jpg,590,794,660,864
our-cards.jpg,458,854,528,924
our-cards.jpg,554,854,624,924
our-cards.jpg,494,914,564,984
our-cards.jpg,590,914,660,984
our-cards.jpg,542,950,612,1020
our-cards.jpg,304,4,420,120
our-cards.jpg,144,584,260,700
pace-university-double.jpg,1,97,36,132
pace-university-double.jpg,505,145,540,180
pace-university-double.jpg,241,187,276,222
pace-university-double.jpg,433,187,468,222
pace-university-double.jpg,121,355,156,390
pace-university-double.jpg,253,355,288,390
pace-university-double.jpg,288,168,327,207
pace-university-double.jpg,548,188,587,227
pace-university-double.jpg,682,295,720,334
pace-university-double.jpg,148,79,198,129
pace-university-double.jpg,773,130,823,180
pace-university-double.jpg,338,74,408,144
pace-university-double.jpg,674,74,744,144
pace-university-double.jpg,446,86,516,156
pace-university-double.jpg,554,86,624,156
pace-university-double.jpg,674,122,744,192
pace-university-double.jpg,434,230,504,300
pace-university-double.jpg,758,230,828,300
pace-university-double.jpg,184,64,300,180
patio.jpg,115,42,154,80
patio.jpg,282,115,320,154
patio.jpg,206,110,276,180
people.jpg,439,127,474,162
people.jpg,127,343,162,378
people.jpg,397,385,432,420
people.jpg,362,88,400,127
people.jpg,408,102,447,140
people.jpg,355,168,394,207
people.jpg,428,168,467,207
people.jpg,195,248,234,287
people.jpg,442,308,480,347
people.jpg,362,322,400,360
people.jpg,335,468,374,507
people.jpg,635,468,674,507
people.jpg,259,88,309,138
people.jpg,533,88,583,138
people.jpg,199,96,249,146
people.jpg,465,105,515,155
people.jpg,328,113,378,163
people.jpg,156,165,206,215
people.jpg,319,233,369,283
people.jpg,491,242,540,292
people.jpg,165,276,215,326
people.jpg,79,319,129,369
people.jpg,559,370,609,420
people.jpg,79,388,129,438
people.jpg,388,405,438,455
people.jpg,139,430,189,481
people.jpg,74,74,144,144
people.jpg,614,86,684,156
people.jpg,482,170,552,240
people.jpg,182,194,252,264
people.jpg,14,326,84,396
people.jpg,350,326,420,396
people.jpg,564,184,680,300
pittsburgh-park.jpg,277,115,312,150
pittsburgh-park.jpg,276,173,326,223
pittsburgh-park.jpg,276,233,326,283
pittsburgh-park.jpg,266,278,336,348
plays.jpg,427,283,462,318
plays.jpg,193,541,228,576
plays.jpg,22,115,60,154
plays.jpg,48,122,87,160
plays.jpg,48,168,87,207
plays.jpg,342,288,380,327
plays.jpg,102,668,140,707
plays.jpg,2,688,40,727
plays.jpg,319,79,369,129
plays.jpg,473,79,523,129
plays.jpg,388,96,438,146
plays.jpg,53,645,103,695
plays.jpg,24,544,140,660
police.jpg,325,97,360,132
police.jpg,181,487,216,522
police.jpg,31,703,66,738
police.jpg,35,22,74,60
police.jpg,182,22,220,60
police.jpg,215,22,254,60
police.jpg,255,22,294,60
police.jpg,408,22,447,60
police.jpg,455,22,494,60
police.jpg,482,22,520,60
police.jpg,8,95,47,134
police.jpg,2,288,40,327
police.jpg,342,382,380,420
police.jpg,155,395,194,434
police.jpg,175,422,214,460
police.jpg,235,588,274,627
police.jpg,395,655,434,694
police.jpg,148,413,198,463
police.jpg,62,593,112,643
police.jpg,314,410,384,480
police.jpg,124,204,240,320
police.jpg,204,204,320,320
police.jpg,324,204,440,320
police.jpg,44,284,160,400
police.jpg,204,284,320,400
puneet.jpg,121,103,156,138
puneet.jpg,313,115,348,150
puneet.jpg,271,127,306,162
puneet.jpg,409,133,444,168
puneet.jpg,151,139,186,174
puneet.jpg,199,139,234,174
puneet.jpg,343,145,378,180
puneet.jpg,259,163,294,198
puneet.jpg,127,223,162,258
puneet.jpg,88,108,127,147
puneet.jpg,48,122,87,160
puneet.jpg,235,135,274,174
puneet.jpg,368,142,407,180
puneet.jpg,448,142,487,180
puneet.jpg,115,148,154,187
puneet.jpg,288,162,327,200
puneet.jpg,315,262,354,300
puneet.jpg,535,295,574,334
puneet.jpg,473,113,523,163
puneet.jpg,491,199,540,249
puneet.jpg,50,26,120,96
puneet.jpg,206,230,276,300
puneet.jpg,26,266,96,336
puneet.jpg,364,204,480,320
rehg-thanksgiving-1994.jpg,217,79,252,114
rehg-thanksgiving-1994.jpg,409,91,444,126
rehg-thanksgiving-1994.jpg,73,295,108,330
rehg-thanksgiving-1994.jpg,391,313,426,348
rehg-thanksgiving-1994.jpg,375,22,414,60
rehg-thanksgiving-1994.jpg,288,68,327,107
rehg-thanksgiving-1994.jpg,348,82,387,120
rehg-thanksgiving-1994.jpg,115,88,154,127
rehg-thanksgiving-1994.jpg,155,155,194,194
rehg-thanksgiving-1994.jpg,355,182,394,220
rehg-thanksgiving-1994.jpg,315,188,354,227
rehg-thanksgiving-1994.jpg,122,202,160,240
rehg-thanksgiving-1994.jpg,95,282,134,320
rehg-thanksgiving-1994.jpg,422,322,460,360
rehg-thanksgiving-1994.jpg,113,19,163,69
rehg-thanksgiving-1994.jpg,2,62,52,112
rehg-thanksgiving-1994.jpg,285,113,335,163
rehg-thanksgiving-1994.jpg,465,113,515,163
rehg-thanksgiving-1994.jpg,386,206,456,276
sarah4.jpg,35,48,74,87
sarah4.jpg,308,155,347,194
sarah4.jpg,255,188,294,227
sarah4.jpg,233,122,283,172
sarah4.jpg,26,134,96,204
sarah4.jpg,98,134,168,204
sarah4.jpg,170,146,240,216
sarah_live_2.jpg,428,62,467,100
sarah_live_2.jpg,22,115,60,154
sarah_live_2.jpg,402,122,440,160
sarah_live_2.jpg,35,148,74,187
sarah_live_2.jpg,2,368,40,407
sarah_live_2.jpg,42,395,80,434
sarah_live_2.jpg,10,405,61,455
sarah_live_2.jpg,242,338,312,408
sarah_live_2.jpg,302,362,372,432
sarah_live_2.jpg,344,24,460,140
sarah_live_2.jpg,64,184,180,300
seinfeld.jpg,325,73,360,108
seinfeld.jpg,337,193,372,228
seinfeld.jpg,133,241,168,276
seinfeld.jpg,253,271,288,306
seinfeld.jpg,95,42,134,80
seinfeld.jpg,155,55,194,94
seinfeld.jpg,235,55,274,94
seinfeld.jpg,102,75,140,114
seinfeld.jpg,82,95,120,134
seinfeld.jpg,319,36,369,86
seinfeld.jpg,225,216,275,266
shumeet.jpg,139,49,174,84
shumeet.jpg,35,208,74,247
shumeet.jpg,128,222,167,260
shumeet.jpg,242,173,292,223
shumeet.jpg,170,86,240,156
soccer.jpg,589,55,624,90
soccer.jpg,13,61,48,96
soccer.jpg,499,67,534,102
soccer.jpg,253,73,288,108
soccer.jpg,487,187,522,222
soccer.jpg,301,289,336,324
soccer.jpg,493,313,528,348
soccer.jpg,565,349,600,384
soccer.jpg,255,48,294,87
soccer.jpg,55,55,94,94
soccer.jpg,415,55,454,94
soccer.jpg,175,62,214,100
soccer.jpg,82,75,120,114
soccer.jpg,528,108,567,147
soccer.jpg,375,155,414,194
soccer.jpg,155,168,194,207
soccer.jpg,255,208,294,247
soccer.jpg,522,208,560,247
soccer.jpg,175,215,214,254
soccer.jpg,308,228,347,267
soccer.jpg,442,228,480,267
soccer.jpg,442,262,480,300
soccer.jpg,268,282,307,320
soccer.jpg,428,335,467,374
soccer.jpg,455,342,494,380
soccer.jpg,228,382,267,420
soccer.jpg,105,53,155,103
soccer.jpg,328,62,378,112
soccer.jpg,96,113,146,163
soccer.jpg,45,148,95,198
soccer.jpg,96,199,146,249
soccer.jpg,139,276,189,326
soccer.jpg,559,276,609,326
soccer.jpg,405,285,455,335
soccer.jpg,156,319,206,369
soccer.jpg,259,328,309,378
soccer.jpg,190,370,241,420
soccer.jpg,302,388,352,438
soccer.jpg,482,26,552,96
soccer.jpg,338,218,408,288
soccer.jpg,506,362,576,432
speed.jpg,28,36,78,86
tahoe-and-rich.jpg,247,415,282,450
tammy.jpg,133,229,168,264
tammy.jpg,55,215,94,254
tammy.jpg,222,342,260,380
tammy.jpg,98,134,168,204
tommyrw.jpg,88,68,127,107
tori-crucify.jpg,55,35,94,74
tori-crucify.jpg,8,82,47,120
tori-crucify.jpg,268,95,307,134
tori-crucify.jpg,62,115,100,154
tori-crucify.jpg,302,135,340,174
tori-crucify.jpg,48,155,87,194
tori-crucify.jpg,302,228,340,267
tori-crucify.jpg,2,242,40,280
tori-crucify.jpg,222,262,260,300
tori-crucify.jpg,190,10,241,61
tori-crucify.jpg,242,182,292,232
tori-crucify.jpg,310,190,360,241
tori-crucify.jpg,124,124,240,240
tori-entweekly.jpg,62,458,132,528
tori-entweekly.jpg,182,458,252,528
tori-entweekly.jpg,70,10,420,360
tori-live3.jpg,188,175,227,214
tori-live3.jpg,216,139,266,189
tori-live3.jpg,194,38,264,108
tori-live3.jpg,122,194,192,264
torrance.jpg,193,79,228,114
torrance.jpg,130,19,180,69
torrance.jpg,130,62,180,112
tp-reza-girosi.jpg,37,103,72,138
tp-reza-girosi.jpg,142,115,180,154
tp-reza-girosi.jpg,45,2,95,52
tp-reza-girosi.jpg,139,19,189,69
tp-reza-girosi.jpg,19,36,69,86
tp-reza-girosi.jpg,79,45,129,95
tp.jpg,14,38,84,108
tree-roots.jpg,61,475,96,510
tree-roots.jpg,2,36,52,86
tree-roots.jpg,105,190,155,241
tree-roots.jpg,88,310,138,360
tree-roots.jpg,173,336,223,386
trek-trio.jpg,215,115,254,154
trek-trio.jpg,188,155,227,194
trek-trio.jpg,48,195,87,234
trek-trio.jpg,42,255,80,294
trek-trio.jpg,10,113,61,163
trek-trio.jpg,148,122,198,172
trek-trio.jpg,36,225,86,275
trek-trio.jpg,98,38,168,108
trekcolr.jpg,62,2,132,72
trekcolr.jpg,14,14,84,84
tress-photo-2.jpg,82,8,120,47
tress-photo-2.jpg,295,75,334,114
tress-photo-2.jpg,139,122,189,172
tress-photo.jpg,165,130,215,180
uprooted-tree.jpg,385,49,420,84
uprooted-tree.jpg,182,122,220,160
uprooted-tree.jpg,75,128,114,167
uprooted-tree.jpg,62,233,112,283
uprooted-tree.jpg,508,285,558,335
voyager.jpg,355,31,390,66
voyager.jpg,181,43,216,78
voyager.jpg,382,15,420,54
voyager.jpg,288,48,327,87
voyager.jpg,248,82,287,120
voyager.jpg,295,168,334,207
voyager.jpg,35,282,74,320
voyager.jpg,105,28,155,78
voyager.jpg,251,28,300,78
voyager.jpg,242,173,292,223
voyager.jpg,113,328,163,378
voyager.jpg,130,422,180,472
voyager.jpg,336,422,386,472
voyager.jpg,242,448,292,498
voyager2.jpg,62,388,100,427
voyager2.jpg,259,653,309,703
voyager2.jpg,259,688,309,738
voyager2.jpg,113,748,163,798
voyager2.jpg,338,38,408,108
voyager2.jpg,518,86,588,156
voyager2.jpg,50,134,120,204
voyager2.jpg,254,206,324,276
voyager2.jpg,446,290,516,360
voyager2.jpg,254,338,324,408
voyager2.jpg,182,470,252,540
voyager2.jpg,124,124,240,240
voyager2.jpg,404,164,520,280
voyager2.jpg,124,244,240,360
voyager2.jpg,484,264,600,380
voyager2.jpg,304,284,420,400
wall.jpg,115,162,154,200
wall.jpg,175,255,214,294
wall.jpg,208,315,247,354
wall.jpg,199,62,249,112
wall.jpg,139,148,189,198
wall.jpg,62,156,112,206
waynesworld2.jpg,215,15,254,54
waynesworld2.jpg,175,202,214,240
waynesworld2.jpg,88,45,138,95
waynesworld2.jpg,310,62,360,112
waynesworld2.jpg,19,302,69,352
waynesworld2.jpg,14,38,84,108
waynesworld2.jpg,170,38,240,108
waynesworld2.jpg,242,50,312,120
waynesworld2.jpg,110,74,180,144
waynesworld2.jpg,50,86,120,156
waynesworld2.jpg,14,146,84,216
waynesworld2.jpg,14,218,84,288
waynesworld2.jpg,86,350,156,420
waynesworld2.jpg,14,362,84,432
window.jpg,113,36,163,86
window.jpg,199,36,249,86
wxm.jpg,28,19,78,69
yellow-pages.jpg,145,295,180,330
yellow-pages.jpg,755,115,794,154
ysato.jpg,62,62,132,132